Title,imageSrc,Price 
EZVIZ C1C-B Smart Wi-Fi Indoor HD Pet Camera with Alarm, https://media.petsathome.com/wcsstore/pah-cas01//173/7143542P.jpg, 
£39.99
 
EZVIZ C6N 4MP Smart Indoor Pet Camera with Motion Tracking, https://media.petsathome.com/wcsstore/pah-cas01//173/7143543P.jpg, 
£49.99
 
PetSafe Bolt Laser Light Cat Toy, https://media.petsathome.com/wcsstore/pah-cas01//173/7143571P.jpg, 
£20.00
 
Scruffs Kensington Faux Suede Cat Bed Grey, https://media.petsathome.com/wcsstore/pah-cas01//173/7143224P.jpg, 
£40.00
 
Scruffs Cosy Round Pet Bed Grey, https://media.petsathome.com/wcsstore/pah-cas01//173/7143236P.jpg, 
£25.00
 
Scruffs Kensington Faux Suede Pet Blanket Grey, https://media.petsathome.com/wcsstore/pah-cas01//173/7143225P.jpg, 
£30.00
 
Kong Connects Switch Teaser Pinwheel Cat Toy, https://media.petsathome.com/wcsstore/pah-cas01//173/7142496P.jpg, 
£8.00
 
Pets at Home Twin Pet Bowl Red, https://media.petsathome.com/wcsstore/pah-cas01//173/7141812P.jpg, 
£1.50
 
Wellness Core 98% Complete Wet Adult Cat Food Chicken with Salmon 12x85g Cans, https://media.petsathome.com/wcsstore/pah-cas01//173/7142580P.jpg, 
£16.99
 
Kong Crackles Scoopz Cat Toy Assorted Colours, https://media.petsathome.com/wcsstore/pah-cas01//173/7142495P.jpg, 
£5.00
 
Kong Better Buzz Gecko Cat Toy, https://media.petsathome.com/wcsstore/pah-cas01//173/7142493P.jpg, 
£4.00
 
Perfect Fit Advanced Nutrition Complete Dry Adult Cat Food Chicken 750g, https://media.petsathome.com/wcsstore/pah-cas01//173/7143358P.jpg, 
£4.49
 
Pets at Home Complete with Chicken, Beef, Duck & Vegetables Dry Adult Cat Food 4kg, https://media.petsathome.com/wcsstore/pah-cas01//173/7142158P.jpg, 
£5.99
 
Natures Menu Especially for Cats Wet Adult Cat Food Chicken, Salmon & Tuna 85g Tin, https://media.petsathome.com/wcsstore/pah-cas01//173/7143254P.jpg, 
£0.99
 
Pets at Home Tasty Flakes Poultry Selection In Jelly Wet Adult Cat Food 12x100g, https://media.petsathome.com/wcsstore/pah-cas01//173/7142166P.jpg, 
£3.49
 
Natures Menu Especially for Cats Wet Kitten Food Chicken 85g Tin, https://media.petsathome.com/wcsstore/pah-cas01//173/7143255P.jpg, 
£0.99
 
Natures Menu Especially for Cats Wet Senior Cat Food Chicken, Salmon & Cod 85g Tin, https://media.petsathome.com/wcsstore/pah-cas01//173/7143256P.jpg, 
£0.99
 
Pets at Home Deliciously Tasty Tender Cuts in Sauce Wet Adult Cat Food Turkey 100g, https://media.petsathome.com/wcsstore/pah-cas01//173/7142173P.jpg, 
£0.59
 
Sheba Fresh Cuisine Taste of Rome Wet Adult Cat Food in Gravy 6 x 50g Pouches, https://media.petsathome.com/wcsstore/pah-cas01//173/7143260P.jpg, 
£2.09
 
Pets at Home Deliciously Tasty Luxury Mousse Wet Adult Cat Food Salmon 85g Tin, https://media.petsathome.com/wcsstore/pah-cas01//173/7142172P.jpg, 
£0.59
 
Natures Menu Especially for Cats Wet Adult Cat Food Multipack 12x85g Tins, https://media.petsathome.com/wcsstore/pah-cas01//173/7143258P.jpg, 
£10.99
 
Pets at Home Deliciously Tasty Tender Cuts in Sauce Wet Adult Cat Food Salmon 100g, https://media.petsathome.com/wcsstore/pah-cas01//173/7142174P.jpg, 
£0.59
 
Pets at Home Chunks in Jelly Fish Selection Wet Adult Cat Food 12x100g Pouches, https://media.petsathome.com/wcsstore/pah-cas01//173/7142159P.jpg, 
£2.99
 
Catit PIXI Cat Drinking Fountain White Stainless Steel 2.5 Litre, https://media.petsathome.com/wcsstore/pah-cas01//173/7143545P.jpg, 
£35.00
 

Agriselect Woodpellets Recycled Wood Cat Litter 30L
, https://media.petsathome.com/wcsstore/pah-cas01//300/7131612PL.jpg,  

Applaws Natural Cat Treat Mackerel Loin 30g
, https://media.petsathome.com/wcsstore/pah-cas01//300/7121700PL.jpg,  

Kong Kanga Kickeroo 2-in1 Cat Toy
, https://media.petsathome.com/wcsstore/pah-cas01//300/7142494PL.jpg,  
